_job_title,_job_description,_job_category,_job_type,_job_location,_job_address,_job_salary,_job_salary_type,_job_max_salary,_job_experience,_job_qualification,_job_career_level,_job_expiry_date,_job_application_deadline_date,_job_apply_type,_job_apply_url,_job_apply_email,_job_featured,_job_filled,_job_urgent,_job_featured_image,_job_video_url,_job_tag,_job_photos,_job_gender,_job_map_location
Coordinador (a) Regional de Mercadeo,"¡Te estamos buscando ¡ Educación mínima: Técnico medio en mercadeo o carrera afín.
De uno a tres años en el área de mercadeo, coordinación de eventos y viajes.
Experiencia en imagen corporativa.
Gestión de imagen promocional.
Gestión del proceso de mercadeo Coordinación de eventos de generación de demanda.
Coordinación de eventos de lanzamiento de productos y servicios apegados Gestión de desayunos, almuerzos y cenas corporativas.
Coordinación de viajes.
Mantenimiento y gestión de inventario de regalías y promocionales.
Gestión de banners.
Gestión de redes sociales.
Gestión de imagen interna.
Gestión de imagen.
Excelente servicio al cliente.
Proactivo, ordenado, honestidad, responsable.","Home,Búsqueda,San José,Escazú,Tiempo Completo",Tiempo Completo,Escazú,Escazú,,,,1 año,associate degree,,2025-12-19,2025-12-19,url,https://trabajosdiarios.co.cr/trabajo/2942399/coordinador-a-regional-de-mercadeo-en-san-jose,,1,0,0,https://trabajosdiarios.co.cr/images/trabajos-diarios-logo-blanco_2.webp,,Costa Rica,,,
Asesor Patrimonial,"Empresa Transnacional busca Asesor(a) Patrimonial perfil ejecutivo visión empresarial: Habilidades: Facilidad de comunicación Atención al cliente Conocimientos en paquete Office Preferencias: Excelente presentación Personal Experiencia en ventas (un plus conocimiento en seguros personales y corporativos, herramientas financieras) Amplia red de contactos personales y corporativos Facilidad de aprendizaje Beneficios: Ingresos por ventas, productos high ticket, comisiones.
Ingreso residual por la vida util de un producto.
Capacitación para el correcto desarrollo del negocio.
Gran oportunidad de crecimiento.
Oficina, empresa domiciliada en CR.","Home,Búsqueda,San José,Santa Ana,Desde Casa",OTHER,Santa Ana,Santa Ana,,,,3 a 4 años,professional certificate,,2025-12-20,2025-12-20,url,https://trabajosdiarios.co.cr/trabajo/2943109/asesor-patrimonial-en-san-jose,,1,0,0,https://trabajosdiarios.co.cr/images/trabajos-diarios-logo-blanco_2.webp,,Costa Rica,,,
Contador,"Registrar, analizar y conciliar transacciones contables conforme a las NIIF.
Preparar y presentar estados financieros mensuales y anuales.
Gestionar la contabilidad general, inventarios, activos fijos y depreciaciones.
Cumplir con las obligaciones fiscales ante la Dirección General de Tributación (IVA, Renta, retenciones, etc.).
Supervisar y controlar costos de producción de concreto y asfalto.
Apoyar en la elaboración de presupuestos, proyecciones financieras y análisis de variaciones.
Indispensable.
Incorporación activa al Colegio de Contadores Privados de Costa Rica.
Dominio de herramientas contables y sistemas ERP (preferiblemente Softland) Conocimiento en legislación fiscal costarricense y normativa tributaria.
Experiencia en empresas del sector construcción, producción o similares.
Manejo intermedio-avanzado de Excel.","Home,Búsqueda,San José,Curridabat,Tiempo Completo",Tiempo Completo,Curridabat,Curridabat,,,,5 a 10 años,professional certificate,,2025-12-18,2025-12-18,url,https://trabajosdiarios.co.cr/trabajo/2939534/contador-en-san-jose,,1,0,0,https://trabajosdiarios.co.cr/images/trabajos-diarios-logo-blanco_2.webp,,Costa Rica,,,
Cambiador de Aceite.,"- Lugar de trabajo: Desamparados - Salario estimado : 350.000 colones + comisión de venta.
- Horario: De Lunes a Viernes de 8:00 am a 5:00 pm- Sábado de 8:00 am a 4:00 pm-Domingo Cerrado - Experiencia mínima: 2-3 Años - Experiencia y conocimiento comprobable en cambio de aceite, filtros de aceite, aire y combustible.
- Experiencia de cambio en filtros de Aire Acondicionado, filtros de caja automática y revisión de fluidos.
- Conocimientos básicos en mecánica rápida.
- Requisitos: Mayor de edad Residente de San José Disponibilidad inmediata - Habilidades y Funciones: Persona multifuncional Trabajo en equipo Proactivo y dinámico Con buen servicio al cliente","Home,Búsqueda,San José,Desamparados,Tiempo Completo",Tiempo Completo,Desamparados,Desamparados,350000,mensual,350000,2 años,high school,,2025-12-18,2025-12-18,url,https://trabajosdiarios.co.cr/trabajo/2941879/cambiador-de-aceite-en-san-jose,,1,0,0,https://trabajosdiarios.co.cr/images/trabajos-diarios-logo-blanco_2.webp,,Costa Rica,,,
Tecnico Cableado Estructurado Redes o Electricidad,"TÉCNICO EN CABLEADO ESTRUCTURADO O ELECTRICIDAD ¿Te apasiona la tecnología, las redes y el trabajo en campo? ¡Unite a nuestro equipo en Consultores en Redes y Telefonía Z y M! Funciones principales: • Instalación de cableado estructurado, fibra óptica y electricidad.
• Residencial, armado de racks, instalación de equipos.
• Pruebas y certificación de puntos de red • Apoyo en proyectos de CCTV, alarmas y control de acceso Requisitos: Experiencia 1 año en redes o cableado estructurado o similar Conocimiento en estándar de instalación Licencia B1.
Residir en Alajuela, San José, Heredia o alrededores.
Ofrecemos: Capacitaciones técnicas Proyectos a nivel nacional Crecimiento profesional Excelente ambiente laboral.
Enviá tu CV: Asunto: Técnico en Cableado Estructurado","Home,Búsqueda,San José,Tiempo Completo",Tiempo Completo,San José,San José,700000,mensual,700000,1 año,high school,,2025-12-18,2025-12-18,url,https://trabajosdiarios.co.cr/trabajo/2939860/tecnico-cableado-estructurado-redes-o-electricidad-en-san-jose,,1,0,0,https://trabajosdiarios.co.cr/images/trabajos-diarios-logo-blanco_2.webp,,Costa Rica,,,
Dependiente de tienda / asistente de guardería,"En Patitas Felices Pet Center buscamos integrar a nuestro equipo a una persona comprometida, proactiva y con gran amor por los animales, para desempeñarse como Dependiente de Tienda y Asistente de Guardería Canina.
Funciones principales Atención y servicio al cliente en tienda.
Responder consultas y mensajes por WhatsApp.
Gestión de ventas y asesoría en productos veterinarios y de cuidado para mascotas.
Manejo de agenda de servicios (guardería, hotel, grooming y veterinaria).
Paseo, cuidado y acompañamiento de los perritos en guardería.
Apoyo en limpieza, orden y mantenimiento de las áreas de tienda, guardería y hotel canino.
Requisitos Experiencia en servicio al cliente y ventas (indispensable).
Deseable experiencia en productos de veterinaria o relacionados con el cuidado de mascotas.
Capacidad de trabajar en equipo y bajo lineamientos establecidos.
Persona proactiva, con iniciativa y habilidades de comunicación.
Amor, respeto y vocación por los animales.
Ofrecemos Formar parte de un equipo apasionado por el bienestar animal.
Ambiente de trabajo positivo y dinámico.
Capacitación en productos y servicios de la tienda.
Otros","Home,Búsqueda,San José,Sabana,Tiempo Completo",Tiempo Completo,Sabana,Sabana,400000,mensual,400000,2 años,high school,,2025-12-12,2025-12-12,url,https://trabajosdiarios.co.cr/trabajo/2936611/dependiente-de-tienda-asistente-de-guarderia-en-san-jose,,1,0,0,https://trabajosdiarios.co.cr/images/trabajos-diarios-logo-blanco_2.webp,,Costa Rica,,,
Atención al cliente en Punto de Venta Lunes a Viernes,"Atención a clientes en tienda.
Asistencia general al departamento Comercial.
Facturación.
Mantenimiento de bases de datos, actualización de precios.
Elaborar cotizaciones.
Asistir a clientes en los distintos canales teléfono, email, whatsapp, etc.
Preparar reportes a solicitud de superiores.
Plan de comisiones por logro de objetivos.
Horario de Lunes a Viernes de 8am a 5pm *Preferiblemente con experiencia en área textil.
*Preferiblemente con nivel de inglés intermedio.
*Preferiblemente de las zonas de Belén, Santa Ana, Escazú, Mora.","Home,Búsqueda,San José,Santa Ana,Tiempo Completo",Tiempo Completo,Santa Ana,Santa Ana,385000,mensual,385000,2 años,high school,,2025-12-12,2025-12-12,url,https://trabajosdiarios.co.cr/trabajo/2937003/atencion-al-cliente-en-punto-de-venta-lunes-a-viernes-en-san-jose,,1,0,0,https://trabajosdiarios.co.cr/images/trabajos-diarios-logo-blanco_2.webp,,Costa Rica,,,
Repartidor/Atención al Cliente Muebleria,"Se busca personal para el puesto de Repartidor/Atención al Cliente para Mueblería información del puesto: Lugar de Trabajo: San José, Tibás.
Labores: -Repartir pedidos en la GAM -Alistado de pedidos -Manejo de inventarios -Atención al cliente presencial y en línea -Cargar y Descargar Mercaderías -Armado de Muebles cuando se requiera Requisitos: -Licencias B (A Opcional) -Responsabilidad -Honestidad -Puntualidad -Trabajo en Equipo Condiciones: -Salario xxxxxxx mensual sujeto a CCSS -INS -8 horas al día, 6 días a la semana -Horario 9am-6pm, 1 hora de almuerzo de estar interesado favor indicar para programar una entrevista presencial.","Home,Búsqueda,San José,Tibás,Tiempo Completo",Tiempo Completo,TIBAS,TIBAS,415000,mensual,415000,1 año,high school,,2025-12-10,2025-12-10,url,https://trabajosdiarios.co.cr/trabajo/2935483/repartidoratencion-al-cliente-muebleria-en-san-jose,,1,0,0,https://trabajosdiarios.co.cr/images/trabajos-diarios-logo-blanco_2.webp,,Costa Rica,,,
Auxiliar de Bodega / San José / Con Experiencia,"Funciones del Puesto : Recibir, verificar e ingresar la documentación y la mercadería que debe resguardarse en la bodega.
Almacenar y controlar la mercadería que ingresa y sale de la bodega de acuerdo con el código establecido y la hoja de ruta Entregar y acomodar mercadería en la bodega Requisitos del Puesto : Para laborar en Alajuela centro Con disponibilidad Inmediata.
(INDISPENSABLE) Conocimiento office básico Disponibilidad para trabajar horario comercial de 09:00 a 6:00 pm Competencias: Atención al detalle, proactividad, excelente servicio al cliente, responsabilidad y compromiso.","Home,Búsqueda,San José,Tiempo Completo",Tiempo Completo,Merced,Merced,400000,mensual,400000,1 año,high school,,2025-12-08,2025-12-08,url,https://trabajosdiarios.co.cr/trabajo/2934127/auxiliar-de-bodega-san-jose-con-experiencia-en-san-jose,,1,0,0,https://trabajosdiarios.co.cr/images/trabajos-diarios-logo-blanco_2.webp,,Costa Rica,,,
Dependiente de tienda - medio tiempo,"Descripción del puesto: sus responsabilidades incluirán, pero no se limitarán a, manejar la caja registradora cuando así sea necesario, preparar el turno para la venta y servicio, atender a los clientes, y asegurar el cumplimiento de la calidad utilizando correctamente el procedimiento para la elaboración de cada producto.
Además, solicitamos que siempre participe en generar un ambiente de trabajo agradable, mantener una buena presentación personal y brindar un excelente servicio al cliente.
Nota: Indispensable tener carnet de manipulación vigente y buen estado","Home,Búsqueda,San José,Escazú,Medio Tiempo",Tiempo parcial,Escazu,Escazu,200000,mensual,200000,Sin Experiencia Laboral,high school,,2025-12-08,2025-12-08,url,https://trabajosdiarios.co.cr/trabajo/2911376/dependiente-de-tienda-medio-tiempo-en-san-jose,,1,0,0,https://trabajosdiarios.co.cr/images/trabajos-diarios-logo-blanco_2.webp,,Costa Rica,,,
Architectural Drafter,"Construction Link Outsourcing is a premier architectural and engineering services firm specializing in preconstruction and project management for the U.S.
commercial roofing sector.
We are seeking a skilled Architectural Drafter to join our dynamic team.
This role involves close collaboration with leading industry companies, contributing to large-scale projects, and enhancing expertise in architectural drafting.
Responsibilities include technical analysis of roofing systems, drafting construction plans, details, shop drawings, and assisting in the development of submittals and preconstruction documentation across diverse projects such as educational, governmental, healthcare, multifamily, and industrial buildings.
Key Responsibilities: • Produce detailed architectural and structural drawings using AutoCAD and Revit (2D).
• Analyze architectural and structural plans, specifications, and manufacturer data.
• Develop shop drawings from digital images and other sources.
• Collaborate with the Preconstruction team to prepare submittals and preconstruction packages.
• Ensure compliance with relevant building codes and standards.
Qualifications: • Technical Drafting, Bachelor’s degree or final-year student in Architecture, Civil Engineering, or related field.
• Proficient in AutoCAD and Revit (2D).
• Advanced English proficiency (written and spoken at a B1 level); bilingual in English and Spanish preferred.
• Excellent analytical skills and attention to detail.","Home,Búsqueda,San José,Santa Ana,Tiempo Completo",Tiempo Completo,Santa Ana,Santa Ana,,,,Sin Experiencia Laboral,high school,,2025-12-04,2025-12-04,url,https://trabajosdiarios.co.cr/trabajo/2932884/architectural-drafter-en-san-jose,,1,0,0,https://trabajosdiarios.co.cr/images/trabajos-diarios-logo-blanco_2.webp,,Costa Rica,,,
Chofer repartidor B1 - San Jose,"• Disponibilidad de horario.
• Conocimiento de las rutas nacionales.
• Disponibilidad de desplazamiento a diferentes zonas del país.
Recibir los materiales que se ocuparán para cumplir con la demanda.
• Mantener el orden de la bodega y almacenamiento de los productos de manera que resguarda su integridad como la de los demás colaboradores.
• Preparar y coordinar los despachos oportunos a las distintas obras.
• Controlar las existencias por la vía de inventarios selectivos y programados, reportando su gestión directamente a su jefatura directa.
• Ordenar y mantener los productos en almacenamiento de acuerdo con las condiciones de cada uno de ellos.
• Mantener informada a su jefatura con respecto a la poca disponibilidad de los insumos considerados como críticos para el funcionamiento de los servicios de la empresa.
• Informar oportunamente a su jefatura directa, en caso de pérdidas de especies detectadas en el ejercicio de sus funciones.
• Realizar inventario cada fin de mes con el encargado de proveeduría.","Home,Búsqueda,San José,Pavas,Tiempo Completo",Tiempo Completo,pavas,pavas,407495,mensual,407495,2 años,high school,,2025-12-02,2025-12-02,url,https://trabajosdiarios.co.cr/trabajo/2915064/chofer-repartidor-b1-san-jose-en-san-jose,,1,0,0,https://trabajosdiarios.co.cr/images/trabajos-diarios-logo-blanco_2.webp,,Costa Rica,,,
Telefonista - Call Center,"¡Estamos Creciendo! Funciones principales del empleo: Si te gustan las ventas esta es la oportunidad para postularte a esta posición como telefonista de nuestro centro de contacto, deberás atender, asesorar y brindar información de carreras, beneficios y planes que ofrece la institución a los estudiantes de nuevo ingreso en la Universidad Central.
Requisitos adicionales para el empleo : Bachillerato en secundaria o técnico en centros de servicios.
Mínimo 6 meses de experiencia en el puesto o similares.
Dominio del MS office - Excel.
Manejo CRM (plus).
Deseable experiencia en universidades.
Detalle del horario: Trabajo 100% presencial en Barrio Escalante 150 este de iglesia Santa Teresita.
Jornada laboral 48 horas a la semana.
Horario: lunes a viernes 8:00 am a 6:00 pm y/o 9:00 am a 7:00pm y sabados de 8:00 am a 12:00 pm.
Trabaja feriados.","Home,Búsqueda,San José,Tiempo Completo",Tiempo Completo,Barrio Escalante,Barrio Escalante,399203,mensual,399203,1 año,high school,,2025-12-20,2025-12-20,url,https://trabajosdiarios.co.cr/trabajo/2944792/telefonista-call-center-en-san-jose,,1,0,0,https://trabajosdiarios.co.cr/images/trabajos-diarios-logo-blanco_2.webp,,Costa Rica,,,
Lavador de carros medio tiempo Escazu- Licencia B1,"Estamos contratando Misceláneo de mantenimiento medio tiempo Ubicación: Santa Ana, Escazú Función: 100% ejecución de labores limpieza, limpieza en alturas, mantenimientos de áreas comunes Lavador de autos, con licencia B1 Con experiencia, trabajo medio tiempo Salario: a convenir Horario: Lunes - Miércoles y Viernes 7 am a 3 pm","Home,Búsqueda,San José,Escazú,Medio Tiempo",Tiempo parcial,Escazú,Escazú,215000,mensual,215000,Sin Experiencia Laboral,high school,,2025-12-20,2025-12-20,url,https://trabajosdiarios.co.cr/trabajo/2944803/lavador-de-carros-medio-tiempo-escazu-licencia-b1-en-san-jose,,1,0,0,https://trabajosdiarios.co.cr/images/trabajos-diarios-logo-blanco_2.webp,,Costa Rica,,,
Asesor academico - UC Barrio Escalante-,"Estamos creciendo....
¿Tienes experiencia en ventas? Esta es la oportunidad para postularte a la posición como asesor académico, deberás atender, asesorar y brindar información de carreras, beneficios y planes que ofrece la institución a los estudiantes de nuevo ingreso en la Universidad Central.
Requisitos del Puesto Bachillerato de Educación Media.
Dominio del MS office - Excel.
Manejo CRM (plus).
Deseable experiencia en universidades.
Jornada laboral 48 horas a la semana, lunes a sábado (hasta 12:00 pm) Sede: Barrio Escalante, 150 este de iglesia Santa Teresita.
Experiencia Deseada Experiencia en ventas de productos tangibles e intangibles (productos bancarios, funerarios y telecomunicaciones, seguros).
Habilidades Deseadas Facilidad de palabra.
Habilidad para negociación y persuasión.
Orientado a resultados y al cumplimiento de metas.
Habilidad para el manejo de objeciones.","Home,Búsqueda,San José,Tiempo Completo",Tiempo Completo,Barrio Escalante,Barrio Escalante,399203,mensual,399203,1 año,high school,,2025-12-19,2025-12-19,url,https://trabajosdiarios.co.cr/trabajo/2944365/asesor-academico-uc-barrio-escalante-en-san-jose,,1,0,0,https://trabajosdiarios.co.cr/images/trabajos-diarios-logo-blanco_2.webp,,Costa Rica,,,
Mecanico Industrial,"Diagnostico y reparación de fallas intermedias bajo manual del fabricante.
Mantenimientos preventivos y correctivos de montacargas Combustión y montacargas eléctricos en campo.
Mantenimientos preventivos de baterías industriales y control en el ciclo de carga.
Uso de herramienta especializada en instalación de hardware y software Interpretación de manuales técnicos, hidráulicos, neumáticos y eléctricos.
Elaboración reporte de fallos para soporte técnico de fabrica.
Manejo de documentación obligatoria: Requisición de materiales hojas de campo, Control de kilometraje, reporte de actividades diarias.
Elaboración reporte de fallas técnico-deductivo.
Orden y limpieza de Área de Trabajo, según cronograma asignado Cumplimiento reglamentos interno corporativo salud y seguridad ocupacional uso de uniforme, gafete y EPP.
Conocimiento, manejo y confidencialidad de información portal del fabricante bajo accesos autorizados.
Realizar corte de horas mensual (donde aplique) Velar por la disponibilidad del equipo.
Uso y cuidado de herramienta especializada, Vehículos y activos.
Revisión de equipos en STOCK.","Home,Búsqueda,San José,La Uruca,Tiempo Completo",Tiempo Completo,La Uruca,La Uruca,550000,mensual,550000,1 año,high school,,2025-12-19,2025-12-19,url,https://trabajosdiarios.co.cr/trabajo/2944115/mecanico-industrial-en-san-jose,,1,0,0,https://trabajosdiarios.co.cr/images/trabajos-diarios-logo-blanco_2.webp,,Costa Rica,,,
Promotor Capacitador de ventas de tecnología B1,"Promotor de ventas en el área de tecnología para visitar puntos de venta tales como Gollo, Monge, Office Depot, Mexpress, Walmart entre otros.
Facilidad de palabra, buena presentación, proactivo., dinámico.
Debe visitar puntos de venta y generar reportes, control de inventarios, impulsar las ventas de producto, velar por el producto de exhibición, colocar material promocional.
Bachiller en educación media, conocimiento básico de artículos de tecnología, experiencia en ventas, conocimiento en paquetes de Office.
Requisitos indispensables: Experiencia capacitando, debe contar con vehículo y licencia B1","Home,Búsqueda,San José,GAM,Tiempo Completo",Tiempo Completo,GAM,GAM,400000,mensual,400000,1 año,high school,,2025-11-28,2025-11-28,url,https://trabajosdiarios.co.cr/trabajo/2927899/promotor-capacitador-de-ventas-de-tecnologia-b1-en-san-jose,,1,0,0,https://trabajosdiarios.co.cr/images/trabajos-diarios-logo-blanco_2.webp,,Costa Rica,,,
Vendedor/Cajero,"La persona será la encargada de brindar una atención al cliente excepcional mientras se gestionan de forma eficiente las ventas y facturación de productos y servicios en el parque.
Esta posición tiene un rol clave en la promoción activa de los servicios de entretenimiento, fiestas infantiles, productos y actividades, buscando aumentar el ticket promedio, fortalecer la experiencia del cliente y contribuir al cumplimiento de los objetivos comerciales de la empresa.
Entre otras tareas es responsable de: • Realizar el cobro y facturación precisa de todos los productos y servicios ofrecidos en el parque.
• Brindar una atención amable, ágil y efectiva, actuando como asesor para los clientes en la elección de paquetes, actividades, productos y fiestas infantiles.
• Promover activamente los productos y servicios con el fin de incrementar las ventas individuales y colectivas del parque.
• Cumplir con las metas de venta asignadas, incluyendo upselling y sugerencias para aumentar el ticket promedio.
• Asegurar que el área de cajas esté siempre limpia, ordenada y con productos bien presentados, manteniendo una imagen impecable y atractiva para el cliente.
Experiencia: • Experiencia previa como cajero(a), facturador(a) o en atención al cliente (preferiblemente en ambientes dinámicos o de entretenimiento).
Requisitos: Al menos 2 años de experiencia en posiciones similares.
Indispensable carnet de manipulación de alimentos vigente.","Home,Búsqueda,San José,Tiempo Completo",Tiempo Completo,Lindora,Lindora,420000,mensual,420000,2 años,high school,,2025-11-30,2025-11-30,url,https://trabajosdiarios.co.cr/trabajo/2929731/vendedorcajero-en-san-jose,,1,0,0,https://trabajosdiarios.co.cr/images/trabajos-diarios-logo-blanco_2.webp,,Costa Rica,,,
Contador General Senior con Especialización en Zonas Francas en S,"Licenciado en contaduría pública Experiencia en el régimen de zon franca 5 años o más como contador (a) general Experiencia en coordinación de inventarios anuales Experiencia en presentación de Estados Financieros Experiencia en presentación de las declaraciones informativas y remuneradas a Tributación Experiencia en presentación del Informe Anual a Procomer por pertenecer al Régimen de Zonas Francas Experiencia en la atención y relación con los auditores externos Manejo de activos Cumplimiento de normativas de: PROCOMER, CAFTA, SOX, Precios de Transferencia, Elaboración de Informes Anuales bajo Régimen de Zona Franca Conocimientos en: Conciliaciones, Cuentas por Pagar, Control de Activos, Análisis de Costos, Estados Financieros bajo IFRS y US-GAAP Manejo de excel avanzado y Sap o Softland Horario: Lunes a viernes, de 7:30 a 17:30.
Salario: INDICAR PRETENSIÓN SALARIAL Nota: Se requiere que el candidato esté bien informado sobre las regulaciones específicas que rigen las zonas francas.
Interesados: Enviar CV indicando la experiencia contable en zonas francas y llamar para concertar entrevista.","Home,Búsqueda,San José,Tibás,Tiempo Completo",Tiempo Completo,Tibás,Tibás,1500000,mensual,1500000,5 a 10 años,professional certificate,,2025-12-18,2025-12-18,url,https://trabajosdiarios.co.cr/trabajo/2936184/contador-general-senior-con-especializacion-en-zonas-francas-en-s-en-san-jose,,1,0,0,https://trabajosdiarios.co.cr/images/trabajos-diarios-logo-blanco_2.webp,,Costa Rica,,,
Diplomado en Salud Ocupacional con experiencia,"Buscamos un Técnico en Salud Ocupacional para unirse a nuestro equipo en una empresa comercial.
El candidato ideal será responsable de implementar y supervisar programas de salud y seguridad laboral, garantizando un ambiente de trabajo seguro y saludable para todos los empleados.
Requisitos: Educación: TÍTULO DE DIPLOMADO EN SALUD OCUPACIONAL (INDISPENSABLE) Experiencia: Mínimo 2 años de experiencia en el área de salud ocupacional en entornos comerciales.
Conocimiento de normativas y regulaciones de salud y seguridad laboral.
Habilidades: Capacidad de realizar evaluaciones de riesgos en el lugar de trabajo.
Habilidades en la elaboración de informes y documentación relacionada con salud y seguridad.
Capacidad para diseñar e implementar programas de capacitación en salud ocupacional.
Excelentes habilidades de comunicación y trabajo en equipo.
Conocimientos: Manejo de herramientas y técnicas de prevención de riesgos laborales.
Conocimiento de ergonomía y salud mental en el trabajo.
Familiaridad con la legislación local e internacional en materia de salud ocupacional.
Condiciones Laborales: Horario: Lunes a viernes, con posibilidad de horas extra según se requiera.
Salario: A convenir, según experiencia y habilidades.
Funciones Principales: Realizar inspecciones periódicas para identificar y evaluar riesgos laborales.
Desarrollar e implementar políticas y procedimientos de salud y seguridad.
Promover prácticas de trabajo seguras y saludables entre los empleados.
Coordinar y facilitar capacitaciones en prevención de riesgos.
Mantener registros y documentación actualizada sobre accidentes y enfermedades laborales.
Interesados: Enviar CV con experiencia relevante en salud ocupacional y contactar para concertar entrevista.
¡Únete a nuestro equipo y contribuye a crear un ambiente laboral seguro y saludable!","Home,Búsqueda,San José,San Pedro,Tiempo Completo",Tiempo Completo,San Pedro,San Pedro,600000,mensual,600000,2 años,associate degree,,2025-12-18,2025-12-18,url,https://trabajosdiarios.co.cr/trabajo/2936209/diplomado-en-salud-ocupacional-con-experiencia-en-san-jose,,1,0,0,https://trabajosdiarios.co.cr/images/trabajos-diarios-logo-blanco_2.webp,,Costa Rica,,,
Ejecutivo de Ventas (Vendedor),"Se necesita contratar vendedor con excelente presentación, que se caracterice por ser dinámico, proactivo.
Requisitos indispensables como excelente servicio al cliente y que cuente con vehículo propio.","Home,Búsqueda,San José,Desamparados,Tiempo Completo",Tiempo Completo,Desamparados,Desamparados,,,,5 a 10 años,high school,,2025-12-19,2025-12-19,url,https://trabajosdiarios.co.cr/trabajo/2944259/ejecutivo-de-ventas-vendedor-en-san-jose,,1,0,0,https://trabajosdiarios.co.cr/images/trabajos-diarios-logo-blanco_2.webp,,Costa Rica,,,
Gestor de Televentas,"Impulsar y colocar la venta de nuestros productos por medio del canal telefónico, cumpliendo con las métricas establecidas de acuerdo con los estándares del servicio y calidad definidos con el fin de iniciar, mantener y fortalecer el vínculo comercial con el cliente.
Bachiller en Educación Media (Indispensable).
Técnico Medio Ejecutivo para Centro de Servicios.
(Deseable).
Al menos 1 año de experiencia en posiciones similares como agente de televentas y centros de contacto, telemercadeo.
Técnicas de manejo de clientes.
Técnicas de ventas telefónicas.
Microsoft Office Intermedio, Conocimiento de métricas de centros de contacto, plataformas telefónicas.","Home,Búsqueda,San José,Tiempo Completo",Tiempo Completo,La Sabana,La Sabana,,,,1 año,high school,,2025-12-19,2025-12-19,url,https://trabajosdiarios.co.cr/trabajo/2944545/gestor-de-televentas-en-san-jose,,1,0,0,https://trabajosdiarios.co.cr/images/trabajos-diarios-logo-blanco_2.webp,,Costa Rica,,,
Contador Administrativo Senior,"Descripción breve: Buscamos un profesional contable con experiencia en la gestión financiera y administrativa de múltiples empresas y proyectos.
Será responsable de supervisar la contabilidad, presupuestos, reportes financieros y la operación administrativa de propiedades, locales comerciales y fondos económicos, garantizando el orden, cumplimiento y optimización de procesos.
Responsabilidades principales: Manejo completo del ciclo contable de varias empresas (ingresos, gastos, conciliaciones, declaraciones).
Elaboración de presupuestos, flujos proyectados y reportes financieros.
Supervisión de caja chica y control de pagos administrativos y servicios públicos.
Administración y registro de transacciones contables y bancarias.
Coordinación con proveedores, mantenimiento y personal operativo Supervisión y seguimiento de activos.
Optimización de procesos administrativos y contables mediante software contable.
Requisitos: Licenciatura en Contaduría Pública o afines.
Experiencia mínima de 5 años en contabilidad y administración de empresas.
Conocimiento avanzado de estados financieros y reportes bancarios.
Dominio de software contable (Lenium o similares).
Habilidades de liderazgo, proactividad, flexibilidad y atención al detalle.
Otros : Ubicación : Santa Ana, Costa Rica Flexibilidad de horario.
(7am-3pm)","Home,Búsqueda,San José,Tiempo Completo",Tiempo Completo,San José,San José,,,,5 a 10 años,professional certificate,,2025-12-19,2025-12-19,url,https://trabajosdiarios.co.cr/trabajo/2944307/contador-administrativo-senior-en-san-jose,,1,0,0,https://trabajosdiarios.co.cr/images/trabajos-diarios-logo-blanco_2.webp,,Costa Rica,,,
Auxiliar de Contabilidad,"Descargar los estados de cuenta de los movimientos entrantes.
Recibir y descargar el archivo de convenios.
Aplicar dineros entrantes en contratos y direccionarlos a la cuota y/o intereses.
Ingresar los dineros recibidos por datafonos abiertos en los contratos.
Conciliar los datafonos abiertos contra los depósitos recibidos del banco.
Revisar los estados de cuenta Aplicar depósitos Aplicar los pagos en el sistema de EXACTUS.
Experiencia en cuentas por cobrar Conocimiento en exactus (preferiblemente) Conocimiento en paquete de office Conciliaciones bancarias Bachiller en educación media Técnico o Diplomado en Contabilidad Dos años de experiencia Responsable, Puntual, ordenado, Analítica Horario de lunes a viernes de 8:00am a 5:00pm Asociación Solidarista","Home,Búsqueda,San José,La Uruca,Tiempo Completo",Tiempo Completo,la uruca,la uruca,,,,2 años,associate degree,,2025-12-19,2025-12-19,url,https://trabajosdiarios.co.cr/trabajo/2944600/auxiliar-de-contabilidad-en-san-jose,,1,0,0,https://trabajosdiarios.co.cr/images/trabajos-diarios-logo-blanco_2.webp,,Costa Rica,,,
Operario para fábrica de pan,Sin experiencia Con Curso de Manipulación de alimentos Jornada completa Sin experiencia Con Curso de Manipulación de alimentos Jornada completa Sin experiencia Con Curso de Manipulación de alimentos Jornada completa,"Home,Búsqueda,San José,Tiempo Completo",Tiempo Completo,Sabana Sur,Sabana Sur,,,,Sin Experiencia Laboral,high school,,2025-12-19,2025-12-19,url,https://trabajosdiarios.co.cr/trabajo/2944617/operario-para-fabrica-de-pan-en-san-jose,,1,0,0,https://trabajosdiarios.co.cr/images/trabajos-diarios-logo-blanco_2.webp,,Costa Rica,,,
Bodeguero-Despacho,Toma física de inventarios Atención a clientes en despacho Manejo de mercancías entre bodegas Facturación Movimientos y acomodo de bodega Cotizaciones Carga y descarga de materiales Entrega de mercadería a clientes,"Home,Búsqueda,San José,Tiempo Completo",Tiempo Completo,San José,San José,415000,mensual,415000,1 año,high school,,2025-12-17,2025-12-17,url,https://trabajosdiarios.co.cr/trabajo/2943853/bodeguero-despacho-en-san-jose,,1,0,0,https://trabajosdiarios.co.cr/images/trabajos-diarios-logo-blanco_2.webp,,Costa Rica,,,
Perito valuador.,"Tareas: Revisión y análisis de planos catastro, etc.
Coordinación de Visitas programadas, inspecciones.
Realización de avalúos y emisión de los informes correspondientes para clientes finales.
Requisitos: Profesional graduado.
Incorporado al CFIA.
Vehículo propio.
Manejo de paquete de Microsoft Office, Project y AutoCad.","Home,Búsqueda,San José,Santa Ana,Tiempo Completo",Tiempo Completo,Santa Ana,Santa Ana,785000,mensual,785000,3 a 4 años,professional certificate,,2025-12-19,2025-12-19,url,https://trabajosdiarios.co.cr/trabajo/2944382/perito-valuador-en-san-jose,,1,0,0,https://trabajosdiarios.co.cr/images/trabajos-diarios-logo-blanco_2.webp,,Costa Rica,,,
Display,-Realizar visita a los clientes que se le solicite -Cumplir con las visitas asignadas por dia y enviar sus respectivas evidencias -Negociaciones de espacios -Dejar trazabilidad de gestión echa -Acomodo de Productos -Control de Inventarios -Montaje de exhibiciones -Visibilidad y Rotación -Experiencia previa- Moto Propia- Licencia al dia- Ganas de Trabajar - Se le paga porcentaje por la motocicleta Enviar curriculum al xxxxxxx,"Home,Búsqueda,San José,Pavas,Tiempo Completo",Tiempo Completo,Pavas,Pavas,370000,mensual,370000,2 años,high school,,2025-12-19,2025-12-19,url,https://trabajosdiarios.co.cr/trabajo/2944404/display-en-san-jose,,1,0,0,https://trabajosdiarios.co.cr/images/trabajos-diarios-logo-blanco_2.webp,,Costa Rica,,,
Chofer,"¿Eres una persona confiable, responsable y con pasión por el servicio al cliente? ¡Únete a nuestro equipo como chofer! Requisitos: -Licencia de conducir B1, B2 O B3 vigente.
-Hoja de delincuencia.
-Buena actitud y habilidades de comunicación.
-Carta de Servicio.
-Experiencia previa como chofer, con conocimiento de rutas y normas de tráfico.
-Buena actitud y habilidades de comunicación.
Si cumples con los requisitos y estás listo para formar parte de un equipo dinámico y en crecimiento, ¡queremos conocerte! ¡Postúlate ahora y da el siguiente paso en tu carrera con nosotros!","Home,Búsqueda,San José,Tiempo Completo",Tiempo Completo,San José,San José,,,,1 año,high school,,2025-12-17,2025-12-17,url,https://trabajosdiarios.co.cr/trabajo/2943897/chofer-en-san-jose,,1,0,0,https://trabajosdiarios.co.cr/images/trabajos-diarios-logo-blanco_2.webp,,Costa Rica,,,
Ayudante de Reparto,Primaria Completa- Secundaria completa deseable Disponibilidad de Horarios Buena condición física - ya que implica carga y descarga Deseable tener licencia B1 Experiencia previa Cargar vehículo con el producto para la venta Apoyar al agente o al chofer entregando productos Realizar cambios y acomodos de ser necesario,"Home,Búsqueda,San José,Pavas,Tiempo Completo",Tiempo Completo,Pavas,Pavas,370000,mensual,370000,2 años,high school,,2025-12-19,2025-12-19,url,https://trabajosdiarios.co.cr/trabajo/2944420/ayudante-de-reparto-en-san-jose,,1,0,0,https://trabajosdiarios.co.cr/images/trabajos-diarios-logo-blanco_2.webp,,Costa Rica,,,
Encargado(a) de Recursos Humanos,"Encargada de Recursos Humanos Estamos en búsqueda de una profesional comprometida, proactiva y orientada a resultados, que lidere y fortalezca los procesos de gestión del talento humano dentro de nuestra organización.
Responsabilidades principales Coordinar los procesos de reclutamiento, selección, inducción y capacitación del personal.
Administrar sistema Ventura (sistema de planillas y administración de personal): control de asistencia, vacaciones y movimientos de planilla.
Calcular planillas, aguinaldos, liquidaciones y otros procesos laborales.
Garantizar el cumplimiento de la legislación laboral costarricense y las políticas internas.
Dar seguimiento a indicadores de desempeño, clima organizacional y desarrollo del talento.
Apoyar en estrategias de comunicación interna, bienestar y gestión del cambio.
Requisitos Licenciatura en Recursos Humanos o su equivalente comprobable en experiencia.
Experiencia mínima de 3 años en puestos similares.
Conocimiento sólido en legislación laboral costarricense.
Experiencia en cálculo de planillas, liquidaciones y aguinaldos.
Deseable experiencia en el sistema Ventura.
Manejo avanzado de Excel y paquete Office.
Habilidades deseadas Comunicación Asertiva.
Atención al detalle.
Orientación a resultados y enfoque en el cumplimiento de metas.
Flexibilidad y capacidad de adaptación al cambio.
Excelentes habilidades de comunicación, liderazgo y trabajo en equipo.","Home,Búsqueda,San José,San Pedro,Tiempo Completo",Tiempo Completo,San Pedro,San Pedro,,,,3 a 4 años,professional certificate,,2025-12-19,2025-12-19,url,https://trabajosdiarios.co.cr/trabajo/2944466/encargadoa-de-recursos-humanos-en-san-jose,,1,0,0,https://trabajosdiarios.co.cr/images/trabajos-diarios-logo-blanco_2.webp,,Costa Rica,,,
Analista de Tráfico y servicio al cliente,"Encargado(a) de Tráfico y Servicio al Cliente Empresa del sector logístico busca incorporar a su equipo de operaciones a un(a) Analista de Tráfico y Servicio al Cliente.
El objetivo principal del puesto es gestionar el servicio al cliente y dar seguimiento al tráfico de cargas, asegurando una atención eficiente y oportuna en cada etapa del proceso logístico.
Responsabilidades principales: Controlar y dar seguimiento al tráfico de cargas aéreas, marítimas y terrestres.
Mantener comunicación directa y constante con los clientes.
Tramitar seguros para cargas.
Controlar la paquetería.
Confeccionar los documentos de transporte (BLs).
Requisitos del puesto: Estudios en administración aduanera, comercio internacional o carreras afines.
Conocimientos básicos de inglés.
Experiencia previa en funciones de importaciones y exportaciones.
Persona responsable, comprometida y orientada al trabajo en equipo.
Excelentes relaciones interpersonales y actitud de servicio.","Home,Búsqueda,San José,San Pedro,Tiempo Completo",Tiempo Completo,San Pedro,San Pedro,,,,3 a 4 años,professional certificate,,2025-12-19,2025-12-19,url,https://trabajosdiarios.co.cr/trabajo/2944468/analista-de-trafico-y-servicio-al-cliente-en-san-jose,,1,0,0,https://trabajosdiarios.co.cr/images/trabajos-diarios-logo-blanco_2.webp,,Costa Rica,,,
Chofer licencia B3 Escazú,"Estamos en la búsqueda de chofer con licencia B3 Requerimientos: CV completo 2 cartas de recomendación o referencias laborales Hoja de delincuencia (no más de un mes de emitida) Contar con disponibilidad inmediata.
Constancia puntos de licencia.
Licencia B3 al día.
Indispensable : Vivir cerca de la zona de San Rafael Escazú o facilidad para trasladarse.
Debe contar con experiencia mínima de 2 años como chofer de ruta.
Funciones: Responsable de la ruta, garantizando la entrega segura.
Cargar y descargar mercaderías.
Horario: Lunes a sábado de 7am a 4pm Salario mensual:450.000 menos cargas sociales.","Home,Búsqueda,San José,Escazú,Tiempo Completo",Tiempo Completo,Escazú,Escazú,,,,2 años,high school,,2025-12-16,2025-12-16,url,https://trabajosdiarios.co.cr/trabajo/2943783/chofer-licencia-b3-escazu-en-san-jose,,1,0,0,https://trabajosdiarios.co.cr/images/trabajos-diarios-logo-blanco_2.webp,,Costa Rica,,,
Encargado de Licitaciones,"Gestionar de manera eficiente, transparente y conforme a la legislación vigente todos los procesos de contratación pública.
Tareas Revisión diaria del portal SICOP.
Gestión de cotizaciones y fichas técnicas.
Seguimiento y control de garantías de participación y cumplimiento.
Archivo y organización de documentación relacionada con licitaciones.
Apoyo al equipo de ventas y gerencia, sin asumir un rol de asistente.
Asistencia a reuniones con clientes cuando sea requerido.
Análisis de carteles y presentación de subsanaciones o aclaraciones.
Seguimiento continuo a los procesos licitatorios y sus modificaciones.
Comunicación directa con las personas responsables del área para asegurar una gestión eficiente.","Home,Búsqueda,San José,Santa Ana,Tiempo Completo",Tiempo Completo,Santa Ana,Santa Ana,,,,2 años,associate degree,,2025-12-15,2025-12-15,url,https://trabajosdiarios.co.cr/trabajo/2942976/encargado-de-licitaciones-en-san-jose,,1,0,0,https://trabajosdiarios.co.cr/images/trabajos-diarios-logo-blanco_2.webp,,Costa Rica,,,
Auxiliar de Logística y Producción BTL,"Buscamos un Productor de Eventos BTL apasionado por la creatividad, la logística y la ejecución de experiencias memorables.
Será el encargado de apoyar al equipo de cuentas en la planificación, desarrollo, montaje y desmontaje de eventos y activaciones, asegurando que cada detalle cumpla con los estándares de calidad y creatividad que caracterizan a Armadillo Producciones.
Responsabilidades Principales -Apoyar a los ejecutivos de cuenta en la ejecución de eventos y activaciones BTL.
-Coordinar el montaje, operación y desmontaje de eventos, garantizando el cumplimiento de tiempos, presupuesto y calidad.
-Supervisar proveedores, personal logístico y de apoyo durante las actividades.
-Elaborar y solicitar cotizaciones, comparativos de precios y apoyo administrativo en la gestión de presupuestos.
-Participar en la planeación creativa de los eventos, aportando ideas y soluciones innovadoras.
-Gestionar permisos, documentación y requerimientos logísticos necesarios.
-Mantener una comunicación constante con el equipo interno y los clientes para asegurar el correcto flujo de información.
-Realizar reportes post-evento (fotográficos, logísticos y de evaluación).
Requisitos Experiencia: Mínimo 1 a 2 años en producción de eventos BTL, activaciones o montaje de marca.
Licencia de conducir: B1 indispensable, A2 deseable.
Conocimientos deseables: Manejo de proveedores y contratistas.
Producción técnica y logística de eventos.
Conocimientos básicos en iluminación, sonido y montaje.
Herramientas de oficina.
Competencias personales: Altamente proactivo y resolutivo.
Excelente organización y trabajo bajo presión.
Espíritu creativo y colaborativo.
Buena comunicación interpersonal y orientación al detalle.
Ofrecemos Pertenecer a una agencia creativa líder en eventos y activaciones BTL.
Entorno de trabajo dinámico, colaborativo y creativo.
Oportunidad de crecimiento y aprendizaje constante en la industria del marketing experiencial.","Home,Búsqueda,San José,Por Contrato",CONTRACTOR,San Jose,San Jose,500000,mensual,500000,1 año,high school,,2025-12-15,2025-12-15,url,https://trabajosdiarios.co.cr/trabajo/2943014/auxiliar-de-logistica-y-produccion-btl-en-san-jose,,1,0,0,https://trabajosdiarios.co.cr/images/trabajos-diarios-logo-blanco_2.webp,,Costa Rica,,,
Asesor de Ventas HyM Temporales,"Hola Moda es una empresa panameña, creada con el propósito exclusivo de manejar la franquicia de las tiendas H&M en Centro América, constituida y operada por un grupo de inversionistas locales con experiencia en ventas al detal y manejo de marcas internacionales.
En Hola Moda compartimos los mismos valores de la marca que nos representa, H&M.
H&M tiene un objetivo de celebrar la colaboración, inclusión y mentalidad positiva de la marca.
La inclusión y la diversidad son muy importantes para nuestra empresa, y nuestro compromiso de abordar estos temas es genuino.
La diversidad no solo está relacionada con la edad, el género, la nacionalidad, la discapacidad, etc.
También se trata, por ejemplo, de la personalidad, la actitud, los valores y la experiencia previa.
Este es el tipo de diversidad de pensamientos y perspectivas que necesitamos para nuestro éxito.
Adicionalmente, creemos que todo el mundo debería tener acceso a la moda y el diseño sostenible.
Por ello, el Grupo H&M sigue buscando materiales y procesos innovadores que hagan que nuestros productos sean más sostenibles.
¡Buscamos Asesores de ventas para nuestro equipo de H&M Costa Rica! Eres el primer punto de contacto para los clientes diarios en un sector de modas que avanza a un ritmo acelerado y Brindas un servicio excelente en todas las áreas de la tienda e inspiras a los clientes a explorar su estilo personal.
Como lo haces: Contribuyes con el éxito de H&M actuando en concordancia con nuestros Valores y siendo un modelo a seguir.
Respetas todos los procedimientos de H&M, las rutinas y las mejores prácticas requeridas en todas las áreas de la tienda.
Compartes conocimiento sobre los productos y las actividades de ventas con los clientes.
Mantienes el piso de ventas limpio y ordenado.
Te encargas de los pagos y devoluciones.","Home,Búsqueda,San José,Curridabat,Temporal",Temporario,Curridabat,Curridabat,,,,Sin Experiencia Laboral,high school,,2025-12-15,2025-12-15,url,https://trabajosdiarios.co.cr/trabajo/2943018/asesor-de-ventas-hym-temporales-en-san-jose,,1,0,0,https://trabajosdiarios.co.cr/images/trabajos-diarios-logo-blanco_2.webp,,Costa Rica,,,
